,Name,Price,PageURL
0,THE FALL OF A TITAN ~ Igor Gouzenko ~ First Edition 1954 ~ Signed By Author ,175.00,https://www.ebay.ca/itm/THE-FALL-OF-A-TITAN-Igor-Gouzenko-First-Edition-1954-Signed-By-Author/202797281412?hash=item2f37a8f084:g:Xs0AAOSwkYxdX1Y~
1,The New Illustrated Medical Encyclopedia for Home Use  1967 (4 Vol.+ Slipcase),80.00,https://www.ebay.ca/itm/The-New-Illustrated-Medical-Encyclopedia-for-Home-Use-1967-4-Vol-Slipcase/123935667820?hash=item1cdb24366c:g:-ygAAOSwbURZtZcp
2,The Oxford Dictionary of Quotations Oxford University Press 2nd Ed. 1st Ptg 1955,30.00,https://www.ebay.ca/itm/The-Oxford-Dictionary-of-Quotations-Oxford-University-Press-2nd-Ed-1st-Ptg-1955/123935836459?hash=item1cdb26c92b:g:Bu0AAOSw-YVXk~Fc
3,RARE SIGNED MARIAN KEITH ~ THE GRAND LADY ~ 1st Ed ~ CANADIAN LIT. ~ EX COND,99.99,https://www.ebay.ca/itm/RARE-SIGNED-MARIAN-KEITH-THE-GRAND-LADY-1st-Ed-CANADIAN-LIT-EX-COND/143407875503?hash=item2163c685af:g:RgAAAOSwPHZdbqzx
4,First Edition Toto and the Goats Tales From Ceylon c.1953 Good Luck Series Book,27.00,https://www.ebay.ca/itm/First-Edition-Toto-and-the-Goats-Tales-From-Ceylon-c-1953-Good-Luck-Series-Book/123936381101?hash=item1cdb2f18ad:g:k6AAAOSwTGVbzNvx
5,Vintage 60s. Britannica Perspectives 1768-1968 (Hardcover 3 Volumes)  Coll.,90.00,https://www.ebay.ca/itm/Vintage-60s-Britannica-Perspectives-1768-1968-Hardcover-3-Volumes-Coll/123935668468?hash=item1cdb2438f4:g:wDwAAOSwBLlVRBlm
6,Webster's Third New International Dictionary & Seven Language Dictionary (3 Vol.,66.00,https://www.ebay.ca/itm/Websters-Third-New-International-Dictionary-Seven-Language-Dictionary-3-Vol/123935844108?hash=item1cdb26e70c:g:ZisAAOSwDk5UDMD1
7,The Works of Thomas Hood - COMPLETE - 1862,313.57,https://www.ebay.ca/itm/The-Works-of-Thomas-Hood-COMPLETE-1862/113920861932?hash=item1a863666ec:g:ZE8AAOSw~WxdoL6e
8,The Story of Colt's Revolvers Book By William B. Edwards,46.50,https://www.ebay.ca/itm/The-Story-of-Colts-Revolvers-Book-By-William-B-Edwards/143408740467?hash=item2163d3b873:g:1hEAAOSwzY5doK2r
9,"SIGNED John Gardner, NO DEALS, MR. BOND. First UK edition, 1st printing, 1987.",657.71,https://www.ebay.ca/itm/SIGNED-John-Gardner-NO-DEALS-MR-BOND-First-UK-edition-1st-printing-1987/133200041764?hash=item1f03575724:g:n1YAAOSwzvhdoMpu
10,The Concise Encyclopedia of Continental Pottery and Porcelain by Haggar 2vol,93.01,https://www.ebay.ca/itm/The-Concise-Encyclopedia-of-Continental-Pottery-and-Porcelain-by-Haggar-2vol/123936375592?epid=8009855753&hash=item1cdb2f0328:g:ufwAAOSwZGBdoJ8o
11,Easton Press The Analects Of Confucius New Sealed,53.13,https://www.ebay.ca/itm/Easton-Press-The-Analects-Of-Confucius-New-Sealed/193151283885?hash=item2cf8b6b2ad:g:l7wAAOSwoJhdn2xR
12,THE DOLL  - Easton Press - GODDU & LAVITT - ðŸ–‹SIGNED 1ST EDðŸ–‹- SCARCE -- SEALED,132.86,https://www.ebay.ca/itm/THE-DOLL-Easton-Press-GODDU-LAVITT-SIGNED-1ST-ED-SCARCE-SEALED/113920741412?hash=item1a86349024:g:ejcAAOSw-s5dZzLF
13,The Case of Mr Cassidy by William Targ 1st Edition June 1944,46.50,https://www.ebay.ca/itm/The-Case-of-Mr-Cassidy-by-William-Targ-1st-Edition-June-1944/123936047949?hash=item1cdb2a034d:g:VhgAAOSwbXddYdbc
14,"1898 Antique History Book ""The Leading Facts of English History""",33.22,https://www.ebay.ca/itm/1898-Antique-History-Book-The-Leading-Facts-of-English-History/123936394237?hash=item1cdb2f4bfd:g:2Y4AAOSwPa9doKTK
15,TARZAN OF THE APES SERIES - Easton Press - Edgar Rice Burroughs ,770.63,https://www.ebay.ca/itm/TARZAN-OF-THE-APES-SERIES-Easton-Press-Edgar-Rice-Burroughs/113920741226?hash=item1a86348f6a:g:9QMAAOSwqDFdefGW
16,"1903 Antique Book ""John Percyfield: The Anatomy of Cheerfulness""",33.22,https://www.ebay.ca/itm/1903-Antique-Book-John-Percyfield-The-Anatomy-of-Cheerfulness/123936385595?hash=item1cdb2f2a3b:g:tCgAAOSwdOxdoKOf
17,"Franklin Library - The Federalist by Hamilton, Jay, Madison",49.83,https://www.ebay.ca/itm/Franklin-Library-The-Federalist-by-Hamilton-Jay-Madison/123936444079?hash=item1cdb300eaf:g:9DwAAOSwLEtdoLRX
18,The Concise Encyclopedia of Antiques complied by the Connoisseur-5 volume set,119.58,https://www.ebay.ca/itm/The-Concise-Encyclopedia-of-Antiques-complied-by-the-Connoisseur-5-volume-set/113920720199?hash=item1a86343d47:g:M1gAAOSwBx1doJJG
19,The Secret Series by Rhonda Byrne {HERO MAGIC POWER TEACH LIFE} 6 Book Set ,6.63,https://www.ebay.ca/itm/The-Secret-Series-by-Rhonda-Byrne-HERO-MAGIC-POWER-TEACH-LIFE-6-Book-Set/202721465054?hash=item2f332412de:g:bM4AAOSwtLpdF6VF
20,"Vintage Book ""The Phrase Finder"" J.I. Rodale 3 Volumes in One 1955 3rd Printing",13.27,https://www.ebay.ca/itm/Vintage-Book-The-Phrase-Finder-J-I-Rodale-3-Volumes-in-One-1955-3rd-Printing/333356985150?hash=item4d9d9feb3e:g:zkcAAOSwi3Rdfoqw
21,William Osler's Collected Papers on the Cardiovascular System ,53.15,https://www.ebay.ca/itm/William-Oslers-Collected-Papers-on-the-Cardiovascular-System/123936518078?hash=item1cdb312fbe:g:jbwAAOSwTfBcfvCL
22,Easton Press  Don Quixote by Cervantes 100 Greatest Books ,38.53,https://www.ebay.ca/itm/Easton-Press-Don-Quixote-by-Cervantes-100-Greatest-Books/123936388698?hash=item1cdb2f365a:g:eYgAAOSwEP5doKRV
23,A FAREWELL TO ARMS By Ernest Hemingway 1929 1st Edition Charles Scribner's Sons,66.44,https://www.ebay.ca/itm/A-FAREWELL-TO-ARMS-By-Ernest-Hemingway-1929-1st-Edition-Charles-Scribners-Sons/113920848998?hash=item1a86363466:g:kaMAAOSww-ddoKnI
24,THE ETTRICK SHEPHERD'S POEMS (4 VOLUMES) AND TALES ( 3 VOLUMES) BLACKIE AND SONS,47.17,https://www.ebay.ca/itm/THE-ETTRICK-SHEPHERDS-POEMS-4-VOLUMES-AND-TALES-3-VOLUMES-BLACKIE-AND-SONS/143407703287?hash=item2163c3e4f7:g:FDoAAOSwd7RdUdFF
25,"Easton Press: CLOSING THE RING, Vol 5, The Second World War, Winston Churchill",79.66,https://www.ebay.ca/itm/Easton-Press-CLOSING-THE-RING-Vol-5-The-Second-World-War-Winston-Churchill/143408056864?hash=item2163c94a20:g:sVQAAOSwk-Bdn8R1
26,"The Plantation South, Signed First Edition by Katharine M. Jones, 1957",66.42,https://www.ebay.ca/itm/The-Plantation-South-Signed-First-Edition-by-Katharine-M-Jones-1957/133198971127?hash=item1f034700f7:g:uykAAOSwSChdn5D2
27,Do You Sleep in the Nude book by Rex Reed Signet Books Third Print 1969,6.64,https://www.ebay.ca/itm/Do-You-Sleep-in-the-Nude-book-by-Rex-Reed-Signet-Books-Third-Print-1969/113919655421?hash=item1a8623fdfd:g:28gAAOSwk1BcpTf4
28,"Signed Margaret Atwood ""The Testaments"" Hardcover Canadian Edition 1st New TOTE!",166.09,https://www.ebay.ca/itm/Signed-Margaret-Atwood-The-Testaments-Hardcover-Canadian-Edition-1st-New-TOTE/174040287710?hash=item28859c09de:g:PF8AAOSwF4ddiDdq
29,"1885 Herrick's Content His Grange & His Book of Littles, Illustrated ",39.79,https://www.ebay.ca/itm/1885-Herricks-Content-His-Grange-His-Book-of-Littles-Illustrated/123935420968?hash=item1cdb207228:g:ySYAAOSwvp1dn38q
30,"The Holy Bible 6 1/2"" Oxford Self-Pronounce Old & New Testament KJV Vintage J1",32.55,https://www.ebay.ca/itm/The-Holy-Bible-6-1-2-Oxford-Self-Pronounce-Old-New-Testament-KJV-Vintage-J1/133200050167?hash=item1f035777f7:g:Rp0AAOSwFuFdoLpu
31,THE GREEK MYTHS - Folio Society - Robert Graves,66.42,https://www.ebay.ca/itm/THE-GREEK-MYTHS-Folio-Society-Robert-Graves/113920742636?hash=item1a863494ec:g:rmMAAOSw7VJcsP8R
32,To Infinity and Beyond!: The Story of Pixar Animation Studios Hardcover â€“ SEALED,59.78,https://www.ebay.ca/itm/To-Infinity-and-Beyond-The-Story-of-Pixar-Animation-Studios-Hardcover-SEALED/123936534195?hash=item1cdb316eb3:g:YRcAAOSwm~1doMmj
33,"Photographing the Male, Ricardo Juan-Carlos, HC/DJ 1983, First edition",46.50,https://www.ebay.ca/itm/Photographing-the-Male-Ricardo-Juan-Carlos-HC-DJ-1983-First-edition/143408658771?hash=item2163d27953:g:OkoAAOSwijhcQ1HH
34,1836 COMPREHENSIVE COMMENTARY HOLY BIBLE / RUTH - PSALM LXIII Old Leather Book,93.00,https://www.ebay.ca/itm/1836-COMPREHENSIVE-COMMENTARY-HOLY-BIBLE-RUTH-PSALM-LXIII-Old-Leather-Book/113920878942?hash=item1a8636a95e:g:4pIAAOSwxH1dl34C
35,"1928, Bambi A Life In The Woods By Felix Salten, HB, Simon & Schuster, 1st Ed",26.57,https://www.ebay.ca/itm/1928-Bambi-A-Life-In-The-Woods-By-Felix-Salten-HB-Simon-Schuster-1st-Ed/293272368100?hash=item44486533e4:g:hawAAOSwbb5dn4I6
36,MINING LAWS ENACTED BY THE LEGISLATURE OF COLORADO FROM FIRST TO NINTH SESSION,365.39,https://www.ebay.ca/itm/MINING-LAWS-ENACTED-BY-THE-LEGISLATURE-OF-COLORADO-FROM-FIRST-TO-NINTH-SESSION/123936499559?hash=item1cdb30e767:g:pJsAAOSwH9JdoMPM
37,"The Child's Story of the New Testament, Rev. Ingram Cobbin, 1901 Antique HC Book",13.27,https://www.ebay.ca/itm/The-Childs-Story-of-the-New-Testament-Rev-Ingram-Cobbin-1901-Antique-HC-Book/123936369668?hash=item1cdb2eec04:g:LukAAOSwMTpdoJ4W
38,The Incomplete Pogo by Walt Kelly FIRST Edition 1953!,86.37,https://www.ebay.ca/itm/The-Incomplete-Pogo-by-Walt-Kelly-FIRST-Edition-1953/123935594309?hash=item1cdb231745:g:pDEAAOSwVTldn7A6
39,"1924 1ST.ED. ~ ETERNAL ROME ~ SHOWERMAN / VOL. I & II / MAPS, ILLUSTRATED",73.08,https://www.ebay.ca/itm/1924-1ST-ED-ETERNAL-ROME-SHOWERMAN-VOL-I-II-MAPS-ILLUSTRATED/153680671468?hash=item23c814f2ec:g:LIAAAOSw0UdXtgsM
40,"Edward G Williams, ed / Bouquet's March to the Ohio the Forbes Road 1st ed 1975",69.09,https://www.ebay.ca/itm/Edward-G-Williams-ed-Bouquets-March-to-the-Ohio-the-Forbes-Road-1st-ed-1975/274046171239?hash=item3fce6cb867:g:DlYAAOSwXqpdnsus
41,EARTHLY POSSESSIONS BY ANNE TYLER 1977 1ST EDITION HARDCOVER W/ DJ VG/VG,47.83,https://www.ebay.ca/itm/EARTHLY-POSSESSIONS-BY-ANNE-TYLER-1977-1ST-EDITION-HARDCOVER-W-DJ-VG-VG/312186822415?hash=item48afc8df0f:g:u8AAAOSw8UtbOUMp
42,Green Thoughts by John Collier  SIGNED numbered edition,65.11,https://www.ebay.ca/itm/Green-Thoughts-by-John-Collier-SIGNED-numbered-edition/113919966647?hash=item1a8628bdb7:g:D3IAAOSwghZdn7Zw
43,"The Winding Stair,Daphne du Maurier,HC/DJ,1976,1st US,Bacon,ph,desc",6.31,https://www.ebay.ca/itm/The-Winding-Stair-Daphne-du-Maurier-HC-DJ-1976-1st-US-Bacon-ph-desc/143408132160?hash=item2163ca7040:g:quoAAOSwc7tdn-TY
44,1953 The Story of Kansas by Bliss Isely and W. M. Richards Illustrated,8.62,https://www.ebay.ca/itm/1953-The-Story-of-Kansas-by-Bliss-Isely-and-W-M-Richards-Illustrated/202362241506?hash=item2f1dbac1e2:g:Ux4AAOSwbiFZTGGw
45,"Harry Potter and the Sorcerer's Stone by J.K. Rowling (1998), 1st Edition Usa",33.22,https://www.ebay.ca/itm/Harry-Potter-and-the-Sorcerers-Stone-by-J-K-Rowling-1998-1st-Edition-Usa/133200130539?hash=item1f0358b1eb:g:G~0AAOSwMXZdYFFf
46,"Beard; Humor in Animals. American, NY Dodd & Mead,1885 illustrated Antique book",63.76,https://www.ebay.ca/itm/Beard-Humor-in-Animals-American-NY-Dodd-Mead-1885-illustrated-Antique-book/323943944539?hash=item4b6c90515b:g:zE4AAOSwDEhdn1Bv
47,No-Yong Park / Retreat of the West Signed 1st Edition 1937,22.92,https://www.ebay.ca/itm/No-Yong-Park-Retreat-of-the-West-Signed-1st-Edition-1937/113920885261?hash=item1a8636c20d:g:pKEAAOSwmK1doMxB
48,No-Yong Park / Retreat of the West Signed 1st Edition 1937,22.92,https://www.ebay.ca/itm/No-Yong-Park-Retreat-of-the-West-Signed-1st-Edition-1937/113920885261?hash=item1a8636c20d:g:pKEAAOSwmK1doMxB
49,Mary C Darlington / History of Colonel Henry Bouquet and the Western 1993,38.53,https://www.ebay.ca/itm/Mary-C-Darlington-History-of-Colonel-Henry-Bouquet-and-the-Western-1993/274046749007?hash=item3fce75894f:g:D4wAAOSwEGVdn2VF
50,The Mercy Papers by Robin Romm 1st Ed HB *Signed*,66.44,https://www.ebay.ca/itm/The-Mercy-Papers-by-Robin-Romm-1st-Ed-HB-Signed/252969441814?epid=65669856&hash=item3ae6275a16:g:S7YAAOSwcB5ZMIg7
51,The Riddle of the Night book H/B Thomas Hanshew 1915 rare murder mystery 1st ed.,66.44,https://www.ebay.ca/itm/The-Riddle-of-the-Night-book-H-B-Thomas-Hanshew-1915-rare-murder-mystery-1st-ed/322648479707?hash=item4b1f5917db:g:6gwAAOSw8apZg8CE
52,Old Yiddish Hebrew Book,167.28,https://www.ebay.ca/itm/Old-Yiddish-Hebrew-Book/143408925992?hash=item2163d68d28:g:sJkAAOSwDYNdkTMt
53,"Byatt, A. S. The Children's Book.  Signed, 1st Edition.",39.79,https://www.ebay.ca/itm/Byatt-A-S-The-Childrens-Book-Signed-1st-Edition/264283904446?hash=item3d888c59be:g:ks8AAOSwImRYcpv6
54,"Marmion, Columba Words of life; On the margin of the missal 1940 1st ed HB/DJ",166.09,https://www.ebay.ca/itm/Marmion-Columba-Words-of-life-On-the-margin-of-the-missal-1940-1st-ed-HB-DJ/133200163899?hash=item1f0359343b:g:NWcAAOSw-KJdl7Ft
55,The Willow Field by William Kittredge 1st/1st 2006 HC/DJ,46.37,https://www.ebay.ca/itm/The-Willow-Field-by-William-Kittredge-1st-1st-2006-HC-DJ/323762596394?hash=item4b61c12a2a:g:l74AAOSw6VRbCW~h
56,Soaring Through the 20th Century Book (First Edition) (Paul A. Schweizer),131.54,https://www.ebay.ca/itm/Soaring-Through-the-20th-Century-Book-First-Edition-Paul-A-Schweizer/303316351963?hash=item469f103bdb:g:9qgAAOSwlfldnwtH
57,"Mâ€™Dowallâ€™s New Guide in Edinburgh and Leith, With a Plan,.. 1838",89.77,https://www.ebay.ca/itm/M-Dowall-s-New-Guide-in-Edinburgh-and-Leith-With-a-Plan-1838/151789788338?hash=item2357605cb2:g:NRAAAOSwLVZVp1nR
58,"""Without a Hero,"" by T.C. Boyle, SIGNED 1st Edition 1st Printing",46.50,https://www.ebay.ca/itm/Without-a-Hero-by-T-C-Boyle-SIGNED-1st-Edition-1st-Printing/152972703628?hash=item239de2378c:g:7ggAAOSwoIlaxm42
59,"David Payne EARLY FROM THE DANCE - RARE 1st Edition, 1st Printing MINT Condition",78.39,https://www.ebay.ca/itm/David-Payne-EARLY-FROM-THE-DANCE-RARE-1st-Edition-1st-Printing-MINT-Condition/183251843103?hash=item2aaaa9381f:g:C4kAAOSwEm1bEIhy
60,MR. CLEMENS AND MARK TWAIN - JUSTIN KAPLAN SECOND EDITION HC BOOK RARE VINTAGE,1.32,https://www.ebay.ca/itm/MR-CLEMENS-AND-MARK-TWAIN-JUSTIN-KAPLAN-SECOND-EDITION-HC-BOOK-RARE-VINTAGE/113920150519?hash=item1a862b8bf7:g:0DsAAOSwlThb~rjT
61,"The Wine and  the Music,William Barrett,Priest in love,Romance,HC/DJ,1968,Nice",6.31,https://www.ebay.ca/itm/The-Wine-and-the-Music-William-Barrett-Priest-in-love-Romance-HC-DJ-1968-Nice/133199273004?hash=item1f034b9c2c:g:MEYAAOSwDABdn-Th
62,The Book of Carlotta by Arnold Bennett 1911 Revised Edition Hardcover ,65.74,https://www.ebay.ca/itm/The-Book-of-Carlotta-by-Arnold-Bennett-1911-Revised-Edition-Hardcover/113768348382?hash=item1a7d1f3ade:g:ME4AAOSw1yFc7ZTg
63,rare antique Vintage  The Goblin Scouts by The Little Wonder Books ,224.55,https://www.ebay.ca/itm/rare-antique-Vintage-The-Goblin-Scouts-by-The-Little-Wonder-Books/133199765935?hash=item1f035321af:g:tSEAAOxy4kpQ~uCZ
64,Tendeleoâ€™s Story by Ian McDonald PS Publishing SIGNED numbered ed,43.18,https://www.ebay.ca/itm/Tendeleo-s-Story-by-Ian-McDonald-PS-Publishing-SIGNED-numbered-ed/113919968288?hash=item1a8628c420:g:0HkAAOSwDyRdn7fl
65,Vintage The Boy's of King Author book,59.79,https://www.ebay.ca/itm/Vintage-The-Boys-of-King-Author-book/113259752663?hash=item1a5eceacd7:g:PtEAAOSwKwpbGHA7
66,"Leah's Journey by Gloria Goldreich (1978, Hardcover) FIRST EDITION 1st",53.75,https://www.ebay.ca/itm/Leahs-Journey-by-Gloria-Goldreich-1978-Hardcover-FIRST-EDITION-1st/222490613587?hash=item33cd795753:g:rxcAAOSwuMZZAkRP
67,"""The Earth Is The Lord's"" Joyce Blackburn  *1972 Signed 1st Edition*  HC/DJ VG+",48.72,https://www.ebay.ca/itm/The-Earth-Is-The-Lords-Joyce-Blackburn-1972-Signed-1st-Edition-HC-DJ-VG/222847075225?hash=item33e2b88399:g:DFYAAOSwvGlaiy0r
68,The Coming Of Pout-Peter Blair-TRUE First U.S. Edition/1st Printing!!-1969-RARE,46.50,https://www.ebay.ca/itm/The-Coming-Of-Pout-Peter-Blair-TRUE-First-U-S-Edition-1st-Printing-1969-RARE/254205420554?hash=item3b2fd2e40a:g:e2AAAOSwLXFcumpp
69,1st Ed Texana 1/500 William D Wittliff and the Encino Press of Austin Texas,53.08,https://www.ebay.ca/itm/1st-Ed-Texana-1-500-William-D-Wittliff-and-the-Encino-Press-of-Austin-Texas/362637405289?hash=item546edfac69:g:NPIAAOSwrfVZVnQ5
70,"1905 Antique Book ""Book-Faces"" Fonts",39.86,https://www.ebay.ca/itm/1905-Antique-Book-Book-Faces-Fonts/123936383204?hash=item1cdb2f20e4:g:VkMAAOSwL8NdoKDB
71,"Bone,The Great Cow Race,V2,Jeff Smith,HC/DJ,New,1st orint",6.98,https://www.ebay.ca/itm/Bone-The-Great-Cow-Race-V2-Jeff-Smith-HC-DJ-New-1st-orint/143408127379?hash=item2163ca5d93:g:Pm4AAOSwRCJdn-J5
72,COUNTERSOLAR!--SIGNED by RICHARD LUPOFF--1ST--HARDCOVER,43.18,https://www.ebay.ca/itm/COUNTERSOLAR-SIGNED-by-RICHARD-LUPOFF-1ST-HARDCOVER/151462812651?hash=item2343e31beb:g:6NEAAOSwzOxUVs~8
73,"James Holstun, ed / Pamphlet Wars Prose in the English Revolution 1st ed 1992",57.13,https://www.ebay.ca/itm/James-Holstun-ed-Pamphlet-Wars-Prose-in-the-English-Revolution-1st-ed-1992/273803481117?hash=item3fbff5901d:g:LnEAAOSwpFtcOSY~
74,The Old Infant and Similar Stories Will Carleton HC 1896 ,53.13,https://www.ebay.ca/itm/The-Old-Infant-and-Similar-Stories-Will-Carleton-HC-1896/283336145416?hash=item41f8267a08:g:RvQAAOSwGWJcOWQ2
75,Edgar T Thompson / THE PLANTATION AN INTERNATIONAL BIBLIOGRAPHY 1st Edition 1983,73.08,https://www.ebay.ca/itm/Edgar-T-Thompson-THE-PLANTATION-AN-INTERNATIONAL-BIBLIOGRAPHY-1st-Edition-1983/123936499962?hash=item1cdb30e8fa:g:rq8AAOSw6tNdoMPU
76,"Old antique russian church book from 1850,s,RRR",152.80,https://www.ebay.ca/itm/Old-antique-russian-church-book-from-1850-s-RRR/123936459100?hash=item1cdb30495c:g:pqgAAOSwzgRW1a8E
77,"Galbraith, John Kenneth.  The New Industrial State.  Inscribed, 1st Ed.",664.35,https://www.ebay.ca/itm/Galbraith-John-Kenneth-The-New-Industrial-State-Inscribed-1st-Ed/254200247374?hash=item3b2f83f44e:g:a-EAAOSwcwhVKXGn
78,"What Rough Beast by John Trench, 1st/1st Hardcover, The Macmillan Company, 1957",46.50,https://www.ebay.ca/itm/What-Rough-Beast-by-John-Trench-1st-1st-Hardcover-The-Macmillan-Company-1957/264375339627?hash=item3d8dff8a6b:g:k1oAAOSwu4ZdET6w
79,"New people at The Hollies Hardcover by Josephine Bell, 1961, Ex-Library",33.22,https://www.ebay.ca/itm/New-people-at-The-Hollies-Hardcover-by-Josephine-Bell-1961-Ex-Library/183769630075?hash=item2ac986057b:g:O1oAAOSwikNcrm~7
80,Guarding a Great City by William McAdoo 1st/1st 1906 HC,53.02,https://www.ebay.ca/itm/Guarding-a-Great-City-by-William-McAdoo-1st-1st-1906-HC/223473870915?hash=item340814a843:g:DOMAAOSwDFBZ-lYv
81,John T. Marcus / Sub Specie Historiae Essays in the Manifestation of 1st ed 1980,46.50,https://www.ebay.ca/itm/John-T-Marcus-Sub-Specie-Historiae-Essays-in-the-Manifestation-of-1st-ed-1980/273778459530?hash=item3fbe77c38a:g:bkcAAOSwUlFcSiii
82,SCARCE HOW SLEEP THE BRAVE BY JAMES H HUNTER HB/DJ 1ST EDITION 1955  NICE BOOK ,39.85,https://www.ebay.ca/itm/SCARCE-HOW-SLEEP-THE-BRAVE-BY-JAMES-H-HUNTER-HB-DJ-1ST-EDITION-1955-NICE-BOOK/323835207496?hash=item4b66151f48:g:9BIAAOSw3JNdBRgS
83,The Songs Of Home - Lina Norris Stoner - HC 1945 Poetry - Rare ,53.13,https://www.ebay.ca/itm/The-Songs-Of-Home-Lina-Norris-Stoner-HC-1945-Poetry-Rare/322049216542?hash=item4afba1101e:g:kmMAAOSwGYVW8mZ~
84,"Set of 40 Spanish books~Folk Tales, Fables & Fairytales collectible RARE Vintage",484.98,https://www.ebay.ca/itm/Set-of-40-Spanish-books-Folk-Tales-Fables-Fairytales-collectible-RARE-Vintage/113920322762?hash=item1a862e2cca:g:tD8AAOSwT7NbozUb
85,Vintage Sailing Made Easy Told In Pictures First Edition 1952 Book Rufus G,43.81,https://www.ebay.ca/itm/Vintage-Sailing-Made-Easy-Told-In-Pictures-First-Edition-1952-Book-Rufus-G/123935800991?hash=item1cdb263e9f:g:tJUAAOSwYBpdn~bv
86,CASING THE PROMISED LAND Caleb Carr NOVEL 1st Edition First Printing FICTION,99.60,https://www.ebay.ca/itm/CASING-THE-PROMISED-LAND-Caleb-Carr-NOVEL-1st-Edition-First-Printing-FICTION/274046381373?hash=item3fce6fed3d:g:-asAAOSwa51Zblgn
87,"Monumental Brass, King Penguin K75, by James Mann ",13.47,https://www.ebay.ca/itm/Monumental-Brass-King-Penguin-K75-by-James-Mann/113920178722?hash=item1a862bfa22:g:fsYAAOSwictdn-s6
88,"Lyrico: The Only Horse of his Kind, Eliz. Vincent Foster, 1970 1st ed HC DJ",19.92,https://www.ebay.ca/itm/Lyrico-The-Only-Horse-of-his-Kind-Eliz-Vincent-Foster-1970-1st-ed-HC-DJ/352673350425?hash=item521cf84319:g:9BUAAOSwbvRc6UTM
89,V. S. Naravane / ROSE AND THE NIGHTINGALE EXPLORATIONS IN INDIAN Signed 1st 1999,52.31,https://www.ebay.ca/itm/V-S-Naravane-ROSE-AND-THE-NIGHTINGALE-EXPLORATIONS-IN-INDIAN-Signed-1st-1999/352619445438?hash=item5219c1bcbe:g:Q74AAOSwrQ5cPXoU
90,"COLOR AND DESIGN IN APPAREL, Bernice Chambers, 1942 HC Book",66.37,https://www.ebay.ca/itm/COLOR-AND-DESIGN-IN-APPAREL-Bernice-Chambers-1942-HC-Book/273650295314?hash=item3fb6d42212:g:pIgAAOSwJFBcN-H3
91,"OUT OF THE BLUE by SINBAD, Pseudonym of A.E. DINGLE - Early Printing in Jacket",53.48,https://www.ebay.ca/itm/OUT-OF-THE-BLUE-by-SINBAD-Pseudonym-of-A-E-DINGLE-Early-Printing-in-Jacket/382205714901?hash=item58fd3c61d5:g:GRoAAOSwefVZncvF
92,"ROBINSON CRUSOE , HARDCOVER BOOK by DANIEL DEF",17.23,https://www.ebay.ca/itm/ROBINSON-CRUSOE-HARDCOVER-BOOK-by-DANIEL-DEF/123936641572?hash=item1cdb331224:g:We4AAOxyHE5RrWu-
93,"Price, Richard.  Clockers & The Wanderers.  First Editions",39.79,https://www.ebay.ca/itm/Price-Richard-Clockers-The-Wanderers-First-Editions/254195888497?hash=item3b2f417171:g:dtUAAOSwM1FcrlEi
94,1872 THE NEW HISTORY OF SANFORD AND MERTON F.C. BURNAND SAMBOURNE ENGRAVINGS,46.50,https://www.ebay.ca/itm/1872-THE-NEW-HISTORY-OF-SANFORD-AND-MERTON-F-C-BURNAND-SAMBOURNE-ENGRAVINGS/233182731257?hash=item364ac61bf9:g:q0gAAOSwE0JY99j~
95,"Groom, Winston. 1942, The Year That Tried Men's Souls.  Signed, 1st Ed.",39.79,https://www.ebay.ca/itm/Groom-Winston-1942-The-Year-That-Tried-Mens-Souls-Signed-1st-Ed/254187854844?hash=item3b2ec6dbfc:g:410AAOSwA8ZcpRvP
96,One to Count Cadence book H/B James Crumley 1969 First Edition First Printing,39.86,https://www.ebay.ca/itm/One-to-Count-Cadence-book-H-B-James-Crumley-1969-First-Edition-First-Printing/322611946895?hash=item4b1d2ba58f:g:CNUAAOSwKRJZbSRM
97,"Groom, Winston. 1942, The Year That Tried Men's Souls.  Signed, 1st Ed.",39.79,https://www.ebay.ca/itm/Groom-Winston-1942-The-Year-That-Tried-Mens-Souls-Signed-1st-Ed/254187854844?hash=item3b2ec6dbfc:g:410AAOSwA8ZcpRvP
98,"Rare,Antique,Russian,book-""Psaltir""-1851",197.98,https://www.ebay.ca/itm/Rare-Antique-Russian-book-Psaltir-1851/123936459087?hash=item1cdb30494f:g:Nj8AAOSwL2lZ3wUp
99, rare vintage  French Cookbook 1958 Simple French Cookery ,59.79,https://www.ebay.ca/itm/rare-vintage-French-Cookbook-1958-Simple-French-Cookery/133199765929?hash=item1f035321a9:g:0OgAAOSwR21ZvSjX
100,RARE 1895 LEATHER ILLUSTRATED POSTERS BICYCLES LANDMARKS OF MANHATTAN FIRST ED.,33.20,https://www.ebay.ca/itm/RARE-1895-LEATHER-ILLUSTRATED-POSTERS-BICYCLES-LANDMARKS-OF-MANHATTAN-FIRST-ED/401340156787?hash=item5d71bccb73:g:3dgAAOSwAPVZMqIb
101,Leather Science And Health Mary Baker Eddy Key To The Scriptures 1906,51.15,https://www.ebay.ca/itm/Leather-Science-And-Health-Mary-Baker-Eddy-Key-To-The-Scriptures-1906/113919797772?hash=item1a86262a0c:g:XuYAAOSwXVddn2-n
102,RARE Antique 1916 Softcver ART Magazine Catalog Book The International Studio,103.64,https://www.ebay.ca/itm/RARE-Antique-1916-Softcver-ART-Magazine-Catalog-Book-The-International-Studio/133199765939?hash=item1f035321b3:g:N1UAAOxy8HlSboON
103,Richard W Stewart / American Military History 2 vols.--Volume 1 The United 1st,53.15,https://www.ebay.ca/itm/Richard-W-Stewart-American-Military-History-2-vols-Volume-1-The-United-1st/273803624615?hash=item3fbff7c0a7:g:WyQAAOSwBktcOS7K
104,THE GOLDEN DOOR by Hertha Pauli/1st Ed/HCDJ/Childrens/Literature,59.79,https://www.ebay.ca/itm/THE-GOLDEN-DOOR-by-Hertha-Pauli-1st-Ed-HCDJ-Childrens-Literature/170761739700?hash=item27c2315db4:g:v6EAAOxyK~hRGft8
105,1877 Book Short History of the English People by Green,33.20,https://www.ebay.ca/itm/1877-Book-Short-History-of-the-English-People-by-Green/323731023494?hash=item4b5fdf6686:g:vOcAAOSwOn1afOGK
106,"Hustvedt, Siri. The Shaking Woman or a History of My Nerves. Signed, First Ed.",39.79,https://www.ebay.ca/itm/Hustvedt-Siri-The-Shaking-Woman-or-a-History-of-My-Nerves-Signed-First-Ed/254200247434?hash=item3b2f83f48a:g:~tMAAOSw39NbVpXk
107,"English Tradition in Design King Penguin K34, by John Gloag",8.98,https://www.ebay.ca/itm/English-Tradition-in-Design-King-Penguin-K34-by-John-Gloag/113920058042?hash=item1a862a22ba:g:C9cAAOSwxW9dn8cL
108,DREAM INTERPRETATION by Thomas French & Erika Fromm - 1st HCDJ 1964 - psychology,47.83,https://www.ebay.ca/itm/DREAM-INTERPRETATION-by-Thomas-French-Erika-Fromm-1st-HCDJ-1964-psychology/303316687630?hash=item469f155b0e:g:AOEAAOSwTU1dn2HO
109,THE FACE OF TIME by James T. Farrell 1st Edition HC 1953,24.99,https://www.ebay.ca/itm/THE-FACE-OF-TIME-by-James-T-Farrell-1st-Edition-HC-1953/323347067912?hash=item4b48fcb408:g:vN8AAOSw~SNbSFA0
110,"Bailey, L. H.; editor. The Cultivated Evergreens 1923",59.79,https://www.ebay.ca/itm/Bailey-L-H-editor-The-Cultivated-Evergreens-1923/290330320234?hash=item4399091d6a:g:BCEAAOxytdlRAPY1
111,"Minnie's Picnic; Or, A Day In The Woods By Francis Forrester 1854 HB",66.44,https://www.ebay.ca/itm/Minnies-Picnic-Or-A-Day-In-The-Woods-By-Francis-Forrester-1854-HB/171508576913?hash=item27eeb53291:g:81YAAOSw6EhURQSd
112,Stephen E AMBROSE / CRAZY HORSE AND CUSTER The Parallel Lives of Two 1st ed 1975,95.67,https://www.ebay.ca/itm/Stephen-E-AMBROSE-CRAZY-HORSE-AND-CUSTER-The-Parallel-Lives-of-Two-1st-ed-1975/223470558882?hash=item3407e21ea2:g:q-oAAOSwe0ZcpUjf
113,Pablo Picasso A Retrospective The Museum of Modern Art New York,15.93,https://www.ebay.ca/itm/Pablo-Picasso-A-Retrospective-The-Museum-of-Modern-Art-New-York/123935691569?hash=item1cdb249331:g:o70AAOSwUvhdn87z
114,Snow bound 1866 whittier,73.08,https://www.ebay.ca/itm/Snow-bound-1866-whittier/171778912994?hash=item27fed232e2:g:FZMAAOSweW5VSMDB
115,"1919-20 Pattern Book, Swatches, J.L. Taylor & Co  Men's Dress NEW YORK CHICAGO",425.12,https://www.ebay.ca/itm/1919-20-Pattern-Book-Swatches-J-L-Taylor-Co-Mens-Dress-NEW-YORK-CHICAGO/123936604941?hash=item1cdb32830d:g:t4cAAOSwPdNdUhDQ
116,The Parentâ€™s Guide to Attention Deficit Disorders 2nd Edition,13.29,https://www.ebay.ca/itm/The-Parent-s-Guide-to-Attention-Deficit-Disorders-2nd-Edition/123936398746?epid=28023695007&hash=item1cdb2f5d9a:g:o5EAAOSwytpdYA37
117,Dusko Doder / The Yugoslavs / 1st Edition Signed to Ambassador Lenhardt,59.79,https://www.ebay.ca/itm/Dusko-Doder-The-Yugoslavs-1st-Edition-Signed-to-Ambassador-Lenhardt/392260610182?hash=item5b548de886:g:xm8AAOSwZ-9cPf2r
118,American Sporting Book Series M L Biscotti 1st Edition PPB 1994,47.82,https://www.ebay.ca/itm/American-Sporting-Book-Series-M-L-Biscotti-1st-Edition-PPB-1994/261587389463?hash=item3ce7d2cc17:g:MkMAAOSwuMFUmYzG
119,2001 1st Edition THE COMPLETE LYRICS OF IRVING BERLIN ch8,19.92,https://www.ebay.ca/itm/2001-1st-Edition-THE-COMPLETE-LYRICS-OF-IRVING-BERLIN-ch8/382883314065?hash=item59259fb991:g:FFAAAOSwrrhcpneG
120,THE WISCONSIN BLUE BOOK 1935 Wisconsin Legislative Reference Library,37.19,https://www.ebay.ca/itm/THE-WISCONSIN-BLUE-BOOK-1935-Wisconsin-Legislative-Reference-Library/123935884372?hash=item1cdb278454:g:4pQAAOSwkvdafwIb
121,The Idea of Progress in Classical Antiquity: Ludwig Edelstein 1st/1st  1967HC/DJ,33.08,https://www.ebay.ca/itm/The-Idea-of-Progress-in-Classical-Antiquity-Ludwig-Edelstein-1st-1st-1967HC-DJ/323783346687?hash=item4b62fdc9ff:g:WT8AAOSwKfVXGRI~
122,In The Beauty of the Lilies John Updike Signed,59.79,https://www.ebay.ca/itm/In-The-Beauty-of-the-Lilies-John-Updike-Signed/143210199154?hash=item2157fe3872:g:sGAAAOSwsAVcrmyQ
123,THE KEY TO SERENDIPITY VOL. 2 BY IAN JACKSON *INSCRIBED*FIRST EDITION*,146.16,https://www.ebay.ca/itm/THE-KEY-TO-SERENDIPITY-VOL-2-BY-IAN-JACKSON-INSCRIBED-FIRST-EDITION/251847624950?hash=item3aa349c8f6:g:FaQAAOSwv0tU5lXD
124,"The Outlaw Years, R M Coates, 1930, Macaulay - 1st edition.",37.20,https://www.ebay.ca/itm/The-Outlaw-Years-R-M-Coates-1930-Macaulay-1st-edition/192674896242?hash=item2cdc519972:g:BbMAAOSwy6lbsM2X
125,3 Book Lot by Oliver Wendell Holmes Late 1800s,46.50,https://www.ebay.ca/itm/3-Book-Lot-by-Oliver-Wendell-Holmes-Late-1800s/113920858755?hash=item1a86365a83:g:~qIAAOSw-CpdhQwc
126,Vtg American Commonwealth Kansas MAP Prelude To The War For The Union 1887 Book,65.11,https://www.ebay.ca/itm/Vtg-American-Commonwealth-Kansas-MAP-Prelude-To-The-War-For-The-Union-1887-Book/273857505727?hash=item3fc32de9bf:g:P8sAAOSwhJNc5DQO
127,1993 Scarce Sketches of Early Texas 1st Ed Malissa and Others,39.79,https://www.ebay.ca/itm/1993-Scarce-Sketches-of-Early-Texas-1st-Ed-Malissa-and-Others/302849667257?hash=item46833f30b9:g:3K8AAOSwWUtbYdph
128,VERY RARE 1973 MOBILE ALABAMA WIT & WISDOM WINTZELL'S OYSTER HOUSE FIRST EDITION,33.20,https://www.ebay.ca/itm/VERY-RARE-1973-MOBILE-ALABAMA-WIT-WISDOM-WINTZELLS-OYSTER-HOUSE-FIRST-EDITION/401623347818?hash=item5d829df26a:g:I14AAOSwWhVb0cNz
129,"Wister, Owen. The Pentecost of Calamity. 2 Versions, First Edition & Review Copy",34.48,https://www.ebay.ca/itm/Wister-Owen-The-Pentecost-of-Calamity-2-Versions-First-Edition-Review-Copy/254200249295?hash=item3b2f83fbcf:g:ZbUAAOSwceZcefeW
130,Guarding a Great City by William McAdoo 1st/1st 1906 HC,53.02,https://www.ebay.ca/itm/Guarding-a-Great-City-by-William-McAdoo-1st-1st-1906-HC/223473870915?hash=item340814a843:g:DOMAAOSwDFBZ-lYv
131,Vintage Palm Springs Book Desert Dream Fulfilled -Young First Edition-Nice,39.86,https://www.ebay.ca/itm/Vintage-Palm-Springs-Book-Desert-Dream-Fulfilled-Young-First-Edition-Nice/123936238314?hash=item1cdb2ceaea:g:36cAAOSwGoZc6DEp
132,"Manxmouse, by Paul Gallico, HC, Heinemann",37.20,https://www.ebay.ca/itm/Manxmouse-by-Paul-Gallico-HC-Heinemann/143408698345?hash=item2163d313e9:g:JLAAAOSwk-pdOHJA
133,THE ART OF THE AMERICAN SHAPSHOT 1888-1978 1st in dj,73.08,https://www.ebay.ca/itm/THE-ART-OF-THE-AMERICAN-SHAPSHOT-1888-1978-1st-in-dj/361408116246?hash=item54259a3616:g:pzEAAOSwAYtWHZ70
134,THE BROOKS OF MORNING BOOK HB DJ FIRST EDITION 1933 MACDONALD ARGUS AUSTRALIA,53.86,https://www.ebay.ca/itm/THE-BROOKS-OF-MORNING-BOOK-HB-DJ-FIRST-EDITION-1933-MACDONALD-ARGUS-AUSTRALIA/323747656560?hash=item4b60dd3370:g:4BcAAOSwnwpclGk2
135,Alexander Donaldson / History of the Churches in Blairsville Presbytery 1st ed,130.21,https://www.ebay.ca/itm/Alexander-Donaldson-History-of-the-Churches-in-Blairsville-Presbytery-1st-ed/273803000464?hash=item3fbfee3a90:g:Z4gAAOSwXchcODOt
136,"Moon,James Herbert,HC/DJ,1985,1st American Edition,1st print,Sci-Fi",4.98,https://www.ebay.ca/itm/Moon-James-Herbert-HC-DJ-1985-1st-American-Edition-1st-print-Sci-Fi/143408129641?hash=item2163ca6669:g:5d4AAOSwzWFdn-Nr
137,"Bernard Shaw Plays Leather Franklin Library, 1979",17.21,https://www.ebay.ca/itm/Bernard-Shaw-Plays-Leather-Franklin-Library-1979/322906113616?hash=item4b2eb44650:g:x8oAAOSwH-daG0hK
138,Letâ€™s Put the Future Behind Us - Signed + Inscr. by Jack Womack - First Edition,39.86,https://www.ebay.ca/itm/Let-s-Put-the-Future-Behind-Us-Signed-Inscr-by-Jack-Womack-First-Edition/163611321975?hash=item2617fea677:g:HuAAAOSwkX1ZdOjG
139,The Fantastic Mr. Fox First Edition Robert Dahl HC/No DJ 1970,17.26,https://www.ebay.ca/itm/The-Fantastic-Mr-Fox-First-Edition-Robert-Dahl-HC-No-DJ-1970/183990080389?hash=item2ad6a9d385:g:upsAAOSwUeldbn2~
140,Kazlitt ARVINE / CYCLOPEDIA OF ANECDOTES OF LITERATURE AND THE FINE ARTS 1st ed,58.13,https://www.ebay.ca/itm/Kazlitt-ARVINE-CYCLOPEDIA-OF-ANECDOTES-OF-LITERATURE-AND-THE-FINE-ARTS-1st-ed/333120139456?hash=item4d8f81f0c0:g:bjgAAOSwAThcPWn1
141,The Dead Book by Hank Harrison - Vol. 1 of a Trilogy - Vintage 1985 Soft Book,26.51,https://www.ebay.ca/itm/The-Dead-Book-by-Hank-Harrison-Vol-1-of-a-Trilogy-Vintage-1985-Soft-Book/153410905407?hash=item23b800a53f:g:kQAAAOSwJtNchZzN
142,Caryl BRAHMS: Book on Robert HELPMANN (Choreographer),13.29,https://www.ebay.ca/itm/Caryl-BRAHMS-Book-on-Robert-HELPMANN-Choreographer/123936479255?hash=item1cdb309817:g:vHUAAOSwKz5doL3y
143,"The Conquest Of Mexico, William H. Prescott, 2 vols in 1",35.91,https://www.ebay.ca/itm/The-Conquest-Of-Mexico-William-H-Prescott-2-vols-in-1/283408709422?hash=item41fc79b72e:g:HVoAAOSwaeVcgbA2
144,The Fantastic Mr. Fox First Edition Robert Dahl HC/No DJ 1970,17.26,https://www.ebay.ca/itm/The-Fantastic-Mr-Fox-First-Edition-Robert-Dahl-HC-No-DJ-1970/183990080389?hash=item2ad6a9d385:g:upsAAOSwUeldbn2~
145,Kazlitt ARVINE / CYCLOPEDIA OF ANECDOTES OF LITERATURE AND THE FINE ARTS 1st ed,58.13,https://www.ebay.ca/itm/Kazlitt-ARVINE-CYCLOPEDIA-OF-ANECDOTES-OF-LITERATURE-AND-THE-FINE-ARTS-1st-ed/333120139456?hash=item4d8f81f0c0:g:bjgAAOSwAThcPWn1
146,The Dead Book by Hank Harrison - Vol. 1 of a Trilogy - Vintage 1985 Soft Book,26.51,https://www.ebay.ca/itm/The-Dead-Book-by-Hank-Harrison-Vol-1-of-a-Trilogy-Vintage-1985-Soft-Book/153410905407?hash=item23b800a53f:g:kQAAAOSwJtNchZzN
147,Caryl BRAHMS: Book on Robert HELPMANN (Choreographer),13.29,https://www.ebay.ca/itm/Caryl-BRAHMS-Book-on-Robert-HELPMANN-Choreographer/123936479255?hash=item1cdb309817:g:vHUAAOSwKz5doL3y
148,"The Conquest Of Mexico, William H. Prescott, 2 vols in 1",35.91,https://www.ebay.ca/itm/The-Conquest-Of-Mexico-William-H-Prescott-2-vols-in-1/283408709422?hash=item41fc79b72e:g:HVoAAOSwaeVcgbA2
149,The Harvard Classics: English Poetry Volume 1 from Chaucer to gray (1969 Hc),7.96,https://www.ebay.ca/itm/The-Harvard-Classics-English-Poetry-Volume-1-from-Chaucer-to-gray-1969-Hc/123936680961?hash=item1cdb33ac01:g:N2sAAOSw1g1dTMBN
150,"Movie Stars of the '30s,David Ragan,HC/DJ,1985,1st",7.31,https://www.ebay.ca/itm/Movie-Stars-of-the-30s-David-Ragan-HC-DJ-1985-1st/133199269165?hash=item1f034b8d2d:g:VzwAAOSwPMNdn-Nz
151,1964 The Ordeal of Samar Joseph Schott first edition signed by author,53.13,https://www.ebay.ca/itm/1964-The-Ordeal-of-Samar-Joseph-Schott-first-edition-signed-by-author/143198952040?hash=item2157529a68:g:kXEAAOSwZ6hco99g
152,The Nervous Wreck  Author E J R Rath,53.15,https://www.ebay.ca/itm/The-Nervous-Wreck-Author-E-J-R-Rath/142836528100?hash=item2141b873e4:g:G7QAAOSw7~JbJsew
153,The Sanctuary - Author: Ted Dekker - Signed- 1st Edition,66.37,https://www.ebay.ca/itm/The-Sanctuary-Author-Ted-Dekker-Signed-1st-Edition/361307820731?hash=item541f9fd2bb:g:SvsAAOSwqu9VGYUt
154,"1986 ONLY IN BRIDGEPORT, AN ILLUSTRATED HISTORY OF THE PARK CITY LENNIE GRIMALDI",29.22,https://www.ebay.ca/itm/1986-ONLY-IN-BRIDGEPORT-AN-ILLUSTRATED-HISTORY-OF-THE-PARK-CITY-LENNIE-GRIMALDI/261655032720?hash=item3cebdaf390:g:X4cAAOSwDN1UNsaZ
155,On the Eve ~ Ivan Turgenieff ~ 1873,66.44,https://www.ebay.ca/itm/On-the-Eve-Ivan-Turgenieff-1873/221300234035?hash=item3386859733:g:UUcAAOxyfpJSYD4b
156,George Tolman / Concord Some of the Things to Be Seen There 1st Edition 1903,49.16,https://www.ebay.ca/itm/George-Tolman-Concord-Some-of-the-Things-to-Be-Seen-There-1st-Edition-1903/273804240182?hash=item3fc0012536:g:hnQAAOSwdxVcOYP7
157,Harper's History of the Great  / PRINT THE ATTACK ON ARKANSAS POST THE #267491,51.82,https://www.ebay.ca/itm/Harpers-History-of-the-Great-PRINT-THE-ATTACK-ON-ARKANSAS-POST-THE-267491/283433627993?hash=item41fdf5f159:g:J6wAAOSw0oFcnZm-
158,"C.H. Rosentstein: 70 Years in the ""Thickets of the Law"" LEATHER HC 1985",73.07,https://www.ebay.ca/itm/C-H-Rosentstein-70-Years-in-the-Thickets-of-the-Law-LEATHER-HC-1985/192558068396?hash=item2cd55af2ac:g:jCIAAOSwrQxbFFer
159,Hans Magnus Enzensberger / The Number Devil A Mathematical Adventure 1st ed 1998,30.56,https://www.ebay.ca/itm/Hans-Magnus-Enzensberger-The-Number-Devil-A-Mathematical-Adventure-1st-ed-1998/113920885965?hash=item1a8636c4cd:g:wucAAOSwBsldoMxM
160,Psycho Robert Bloch Anthony Perkins Middle East Edition 1st 1960s,66.44,https://www.ebay.ca/itm/Psycho-Robert-Bloch-Anthony-Perkins-Middle-East-Edition-1st-1960s/193150619070?hash=item2cf8ac8dbe:g:uy4AAOSwW1Bdnu5P
161,CLASSIC SAILING SHIPS with Paintings by Cornelis de Vries Great Collectible book,28.23,https://www.ebay.ca/itm/CLASSIC-SAILING-SHIPS-with-Paintings-by-Cornelis-de-Vries-Great-Collectible-book/254385213164?hash=item3b3a8a4eec:g:N2UAAOSwtBdae5fN
162,"1840s Rare Antique Hunting Books ""Rural Sports & Shooter's Handbook"" Illustrated",6.64,https://www.ebay.ca/itm/1840s-Rare-Antique-Hunting-Books-Rural-Sports-Shooters-Handbook-Illustrated/123936369887?hash=item1cdb2eecdf:g:UsgAAOSwNrxdoJ22
163,Alan G Cock / Treasure Your Exceptions The Science and Life of William 1st 2008,54.48,https://www.ebay.ca/itm/Alan-G-Cock-Treasure-Your-Exceptions-The-Science-and-Life-of-William-1st-2008/273803464903?hash=item3fbff550c7:g:59oAAOSwVCpcOSME
164,Hardrock Stiff-Thomas Zigal-SIGNED!!-TRUE First Edition/1st Printing!!-VERY RARE,39.85,https://www.ebay.ca/itm/Hardrock-Stiff-Thomas-Zigal-SIGNED-TRUE-First-Edition-1st-Printing-VERY-RARE/254209451764?hash=item3b301066f4:g:-SAAAOSwH~palO1i
165,"And Both Were Young - Madeleine L'Engle - First Edition, First Printing - HC",46.50,https://www.ebay.ca/itm/And-Both-Were-Young-Madeleine-LEngle-First-Edition-First-Printing-HC/142850946575?hash=item214294760f:g:MT4AAOSwweRbOU4a
166,"THE STRUGGLE OF THE MODERN - Spender, Stephen - First Edition 1st Printing",59.79,https://www.ebay.ca/itm/THE-STRUGGLE-OF-THE-MODERN-Spender-Stephen-First-Edition-1st-Printing/222533003310?hash=item33d000282e:g:cSIAAOSw2s1UtbF8
167,"Erdrich, Louise.  The Red Convertible.  Signed, First Edition.",79.72,https://www.ebay.ca/itm/Erdrich-Louise-The-Red-Convertible-Signed-First-Edition/254200245557?hash=item3b2f83ed35:g:ftEAAOSwNRdX5wy9
168,"Thomas Merton THE WATERSW OF NSILOE 1st ed, 1st ptg, Fine in Fine D/j",95.65,https://www.ebay.ca/itm/Thomas-Merton-THE-WATERSW-OF-NSILOE-1st-ed-1st-ptg-Fine-in-Fine-D-j/352637262571?hash=item521ad19aeb:g:I8AAAOSw6o5cV1JE
169,City Ballads (Hardcover 1885) by Will Carleton,79.66,https://www.ebay.ca/itm/City-Ballads-Hardcover-1885-by-Will-Carleton/263801330214?hash=item3d6bc8da26:g:fZsAAOSwbb9bPn8o
170,"5x Antique Children's Books: Tales Told in Holland, Poems, Verses and More",13.27,https://www.ebay.ca/itm/5x-Antique-Childrens-Books-Tales-Told-in-Holland-Poems-Verses-and-More/333356673695?hash=item4d9d9b2a9f:g:JnoAAOSw9oVdn3g-
171,"[Map]. EASTON, J.G. (Surveyed by). Tatonga. 1910-20s.",107.73,https://www.ebay.ca/itm/Map-EASTON-J-G-Surveyed-by-Tatonga-1910-20s/202526886910?hash=item2f278b0bfe:g:3X4AAOSwIddcCICj
172,Linda Raymond ROCKING THE BABIES African American Literature 1994 1st ed Signed,55.81,https://www.ebay.ca/itm/Linda-Raymond-ROCKING-THE-BABIES-African-American-Literature-1994-1st-ed-Signed/233225475285?hash=item364d5254d5:g:izwAAOSwcB5csRLz
173,"""Mother Of Smiths""  Lorraine Carr  *1940*  (1st Edition / 1st Print)  HC",59.35,https://www.ebay.ca/itm/Mother-Of-Smiths-Lorraine-Carr-1940-1st-Edition-1st-Print-HC/283407162494?hash=item41fc621c7e:g:1oAAAOSwHQxcgBZm
174,The Syndic C M Kornbluth Doubleday Science Fiction 1953 Vtg Book Club Edition ,33.20,https://www.ebay.ca/itm/The-Syndic-C-M-Kornbluth-Doubleday-Science-Fiction-1953-Vtg-Book-Club-Edition/333238953374?hash=item4d9696e59e:g:BfkAAOSwd01dAAoC
175,J H A Bomberger / Five Years' Ministry in the German Reformed Church in Race 1st,69.09,https://www.ebay.ca/itm/J-H-A-Bomberger-Five-Years-Ministry-in-the-German-Reformed-Church-in-Race-1st/274046170917?hash=item3fce6cb725:g:6xQAAOSwKp1dnsuF
176,John Fulton Stuart Collins Jr. / Stringtown on the Pike Tales and History 1965,77.06,https://www.ebay.ca/itm/John-Fulton-Stuart-Collins-Jr-Stringtown-on-the-Pike-Tales-and-History-1965/274046748575?hash=item3fce75879f:g:0dEAAOSw0Axdn2Us
177,Larry McMurtry / By Sorrow's River The Berrybender Narratives Book 3 2003,86.37,https://www.ebay.ca/itm/Larry-McMurtry-By-Sorrows-River-The-Berrybender-Narratives-Book-3-2003/273803483880?epid=1903114248&hash=item3fbff59ae8:g:TnYAAOSw2bFcONOl
178,"Rare Russian antique book,A.Voronskiy,1927",78.39,https://www.ebay.ca/itm/Rare-Russian-antique-book-A-Voronskiy-1927/123936459079?hash=item1cdb304947:g:d60AAOSwzqFY-1yV
179,1964 MARKINGS HARDCOVER BOOK BY DAG HAMMARSKJOLD 1st American Edition used,9.14,https://www.ebay.ca/itm/1964-MARKINGS-HARDCOVER-BOOK-BY-DAG-HAMMARSKJOLD-1st-American-Edition-used/123934983916?hash=item1cdb19c6ec:g:InoAAOSwjXZcYDuL
180,1998 SIGNED 1st ED HOPE FOR A GOOD SEASON THE Ca'eBANKERS OF HARKERS ISLAND VGC,33.20,https://www.ebay.ca/itm/1998-SIGNED-1st-ED-HOPE-FOR-A-GOOD-SEASON-THE-CaeBANKERS-OF-HARKERS-ISLAND-VGC/264059161848?hash=item3d7b270cf8:g:9YYAAOSwTxJb-sdJ
181,THE LIFE OF WILLIAM EWART GLADSTONE Vols. I-III by John Morley - 1903 - British,33.22,https://www.ebay.ca/itm/THE-LIFE-OF-WILLIAM-EWART-GLADSTONE-Vols-I-III-by-John-Morley-1903-British/113334577158?epid=1173481098&hash=item1a63446806:g:3uIAAOSw9sNb0LDq
182,David Guy / The Autobiography of My Body Signed 1st Edition 1991,57.13,https://www.ebay.ca/itm/David-Guy-The-Autobiography-of-My-Body-Signed-1st-Edition-1991/273803532399?hash=item3fbff6586f:g:pZMAAOSwpYxcOSq9
183,The White Deer. by James Thurber. N.Y. (1945) 1st.ed. in justjacket.,37.20,https://www.ebay.ca/itm/The-White-Deer-by-James-Thurber-N-Y-1945-1st-ed-in-justjacket/112968381776?hash=item1a4d70b550:g:jacAAOSwfo9a2ThV
184,Home Town / Cleveland Amory - 1950 - Hardback Book - 1st Edition - SIGNED,50.48,https://www.ebay.ca/itm/Home-Town-Cleveland-Amory-1950-Hardback-Book-1st-Edition-SIGNED/182754846802?hash=item2a8d09a852:g:yq8AAOSwdvtZs0Gm
185,"A History Of American Currency by William Sumner, Henry Holt, 1884",26.57,https://www.ebay.ca/itm/A-History-Of-American-Currency-by-William-Sumner-Henry-Holt-1884/122943557338?hash=item1ca001ceda:g:vjgAAOSwO4pacdu5
186,"The Old Masters. The Princes of Art by Mrs. S. R. Urbino, 1870, 1st.Ed., Illust.",47.83,https://www.ebay.ca/itm/The-Old-Masters-The-Princes-of-Art-by-Mrs-S-R-Urbino-1870-1st-Ed-Illust/121064225795?hash=item1c2ffd7c03:g:fX4AAOxyhPxRFaMW
187,"Yesterday's Tampa (Florida), by Hampton Dunn, 1972 hardcover with DJ, scarce",39.85,https://www.ebay.ca/itm/Yesterdays-Tampa-Florida-by-Hampton-Dunn-1972-hardcover-with-DJ-scarce/312559103269?hash=item48c5f96d25:g:bJAAAOSwzVhbZwm9
188,Robert Silverberg THEBES OF THE HUNDRED GATES Illustrated 1991 Signed,63.78,https://www.ebay.ca/itm/Robert-Silverberg-THEBES-OF-THE-HUNDRED-GATES-Illustrated-1991-Signed/233225346698?hash=item364d505e8a:g:lrgAAOSwYnhcsRSc
189,Sumach On The Hill By Conway Gregory - Rare Book,99.65,https://www.ebay.ca/itm/Sumach-On-The-Hill-By-Conway-Gregory-Rare-Book/291471563810?hash=item43dd0f1c22:g:WKsAAOSwrklVVLVX
190,The LIFE of BILLY YANK by Bell Irvin Wiley First Editio,53.08,https://www.ebay.ca/itm/The-LIFE-of-BILLY-YANK-by-Bell-Irvin-Wiley-First-Editio/310717851116?hash=item48583a25ec:g:mKAAAOxy9LxSDW11
191,Hiroshima by John Hersey,13.27,https://www.ebay.ca/itm/Hiroshima-by-John-Hersey/233365515014?hash=item3655ab2b06:g:rxoAAOSwmjZdny0Z
192,Cathedral-Nelson DeMille-SIGNED!!-TRUE First Edition/1st Printing-1981-VERY RARE,66.42,https://www.ebay.ca/itm/Cathedral-Nelson-DeMille-SIGNED-TRUE-First-Edition-1st-Printing-1981-VERY-RARE/254169282382?hash=item3b2dab774e:g:KTMAAOSwaMpZl9J~
193,n/a / Souvenir 11th annual and 1st triennial convention of the Pennsylvania,152.80,https://www.ebay.ca/itm/n-a-Souvenir-11th-annual-and-1st-triennial-convention-of-the-Pennsylvania/273803294270?hash=item3fbff2b63e:g:JsoAAOSwlINcOEgg
194,"OLD VTG ANTIQUE 1929 BOOK ""FOUR SQUARE, THE STORY OF A FOURFOLD LIFE"" OLIVER",39.85,https://www.ebay.ca/itm/OLD-VTG-ANTIQUE-1929-BOOK-FOUR-SQUARE-THE-STORY-OF-A-FOURFOLD-LIFE-OLIVER/121660140190?hash=item1c53826a9e:g:XKMAAOSw3xJVYhNc
195,DREAM INTERPRETATION by Thomas French & Erika Fromm - 1st HCDJ 1964 - psychology,47.83,https://www.ebay.ca/itm/DREAM-INTERPRETATION-by-Thomas-French-Erika-Fromm-1st-HCDJ-1964-psychology/303316687630?hash=item469f155b0e:g:AOEAAOSwTU1dn2HO
196,An Outline Of The British Labor Movement 1923 Book By Paul Blanshard Rare,19.93,https://www.ebay.ca/itm/An-Outline-Of-The-British-Labor-Movement-1923-Book-By-Paul-Blanshard-Rare/123936471820?hash=item1cdb307b0c:g:3VgAAOSwFeNcbeMA
197,James J. Murphy / RHETORIC IN THE MIDDLE AGES HISTORY OF RHETORICAL #284845,42.52,https://www.ebay.ca/itm/James-J-Murphy-RHETORIC-IN-THE-MIDDLE-AGES-HISTORY-OF-RHETORICAL-284845/283433769891?hash=item41fdf81ba3:g:0GgAAOSw-V1cncpe
198,Separate Tables by Terence Rattigan Hardcover,53.08,https://www.ebay.ca/itm/Separate-Tables-by-Terence-Rattigan-Hardcover/132995175663?hash=item1ef72154ef:g:mcoAAOSwAKxckR04
199,1892 The School For Scandal: A Comedy by Richard Sheridan Illustrated NY Book,35.87,https://www.ebay.ca/itm/1892-The-School-For-Scandal-A-Comedy-by-Richard-Sheridan-Illustrated-NY-Book/142918798869?hash=item21469fce15:g:oVYAAOSw~8xbcdaV
200,"The Justices of the Peace in England 1558-1640, J.H. Gleason (HC, 1969)",53.15,https://www.ebay.ca/itm/The-Justices-of-the-Peace-in-England-1558-1640-J-H-Gleason-HC-1969/310979958626?hash=item4867d99762:g:YCMAAMXQpPhTk1OY
201,BORDER LEGION - Easton Press - Zane Grey - SCARCE Western Classics - with flaws,66.42,https://www.ebay.ca/itm/BORDER-LEGION-Easton-Press-Zane-Grey-SCARCE-Western-Classics-with-flaws/113920741722?hash=item1a8634915a:g:K~AAAOSwiSZdUNqt
202,"Hay, Jr., James.  The Melwood Mystery.  First Edition.",66.44,https://www.ebay.ca/itm/Hay-Jr-James-The-Melwood-Mystery-First-Edition/254200247384?hash=item3b2f83f458:g:WQIAAOSwUKxYbup3
203,"""THE AMERICAN SPORTING SCENE"" 1941 1st PRINT HC/DJ BOOK! KIERAN/GOLINKIN",26.56,https://www.ebay.ca/itm/THE-AMERICAN-SPORTING-SCENE-1941-1st-PRINT-HC-DJ-BOOK-KIERAN-GOLINKIN/123728357674?hash=item1ccec8e92a:g:ToAAAOSwwtdbzrTR
204,Antique 1940s Book Dorothy and the Wizard in Oz Hardback Children's Novel,25.25,https://www.ebay.ca/itm/Antique-1940s-Book-Dorothy-and-the-Wizard-in-Oz-Hardback-Childrens-Novel/123935312355?hash=item1cdb1ec9e3:g:RJYAAOSwFFBdn2Qo
205,1987 LIFE IN THE BALANCE BOOK BY DAVID RAINS WALLACE - GREAT PHOTOS - KD 2698,66.44,https://www.ebay.ca/itm/1987-LIFE-IN-THE-BALANCE-BOOK-BY-DAVID-RAINS-WALLACE-GREAT-PHOTOS-KD-2698/362576165054?hash=item546b3938be:g:J1wAAMXQVT9Sr2z2
206,"The Skyrocket, Berta and Elmer Hader, DJ, 1946, 1st Edition, Madmillan",63.11,https://www.ebay.ca/itm/The-Skyrocket-Berta-and-Elmer-Hader-DJ-1946-1st-Edition-Madmillan/221587304516?hash=item3397a1f044:g:RXoAAMXQ0v1Ra4LC
207,The Wokosani Road by Jon Mockingbird HB 1963 Native American  W2A,33.15,https://www.ebay.ca/itm/The-Wokosani-Road-by-Jon-Mockingbird-HB-1963-Native-American-W2A/401743367926?hash=item5d89c54ef6:g:azYAAOSwJb5ZtVq-
208,"The TWENTIETH MAINE,1957,John J. Pullen,1st Ed,Illust,DJ",59.79,https://www.ebay.ca/itm/The-TWENTIETH-MAINE-1957-John-J-Pullen-1st-Ed-Illust-DJ/400989638633?hash=item5d5cd84fe9:g:HHkAAOSwLVZV6MmR
209,OLIVER TWIST BY CHARLES DICKENS FROM 1929.,39.85,https://www.ebay.ca/itm/OLIVER-TWIST-BY-CHARLES-DICKENS-FROM-1929/183816147608?hash=item2acc4bd298:g:Pc0AAOSweTxc4EDv
210,3 HUGE CLASSIC CONSPIRACY TOMES: 1) & 2) DAVID ICKE 3) WILLIAM COOPER PALE HORSE,33.00,https://www.ebay.ca/itm/3-HUGE-CLASSIC-CONSPIRACY-TOMES-1-2-DAVID-ICKE-3-WILLIAM-COOPER-PALE-HORSE/113919954528?hash=item1a86288e60:g:Ry4AAOSw5EhdhqID
211,The Collected Poems of Margaret L. Woods 1904 Hardcover First Edition,34.55,https://www.ebay.ca/itm/The-Collected-Poems-of-Margaret-L-Woods-1904-Hardcover-First-Edition/372692554894?hash=item56c635148e:g:Z1wAAOSwQiZcrJrm
212,IF THE RIVER WAS WHISKEY - T. C. Boyle - 1st Printing - HC/DJ - NF/NF - SIGNED,79.72,https://www.ebay.ca/itm/IF-THE-RIVER-WAS-WHISKEY-T-C-Boyle-1st-Printing-HC-DJ-NF-NF-SIGNED/190677388188?hash=item2c65420b9c:g:UmUAAOSwMmBV3NAu
213,James O'Connell / Vestiges of Civilization Or the Aetiology of History 1st 1851,114.27,https://www.ebay.ca/itm/James-OConnell-Vestiges-of-Civilization-Or-the-Aetiology-of-History-1st-1851/273802794615?hash=item3fbfeb1677:g:hxwAAOSwtINcOFsa
214,9 BOOK SET by CAROLE NELSON DOUGLAS--HARDCOVER--(LIKE NEW),32.55,https://www.ebay.ca/itm/9-BOOK-SET-by-CAROLE-NELSON-DOUGLAS-HARDCOVER-LIKE-NEW/202287281670?hash=item2f1942f606:g:g50AAOSwsO1az~lq
215,Revolt of the Pueblo Indians of New Mexico & Otermin's Attempted Reconquest. V.2,132.87,https://www.ebay.ca/itm/Revolt-of-the-Pueblo-Indians-of-New-Mexico-Otermins-Attempted-Reconquest-V-2/113920796855?hash=item1a863568b7:g:gGoAAOSwhe9doKnC
216,Union Dues-John Sayles-SIGNED!!-TRUE First U.S. Edition/1st Printing!!-VERY RARE,39.85,https://www.ebay.ca/itm/Union-Dues-John-Sayles-SIGNED-TRUE-First-U-S-Edition-1st-Printing-VERY-RARE/264245864292?hash=item3d8647e764:g:7-QAAOSwTuJYrTUI
217,Sarlemijn A. / Physics in the Making Essays on Developments in 20th Century 1st,51.82,https://www.ebay.ca/itm/Sarlemijn-A-Physics-in-the-Making-Essays-on-Developments-in-20th-Century-1st/273804346189?hash=item3fc002c34d:g:rdYAAOSwUHBcOZEM
218,1946 Limited Signed Edition 603/950 The Greatening of Abraham Lincoln / E Jones,53.08,https://www.ebay.ca/itm/1946-Limited-Signed-Edition-603-950-The-Greatening-of-Abraham-Lincoln-E-Jones/303136473941?hash=item4694578355:g:3CYAAOSw3jZZ5MSB
219,Mormqn Doctrine Book 2nd Edition Book ,50.49,https://www.ebay.ca/itm/Mormqn-Doctrine-Book-2nd-Edition-Book/132982491723?hash=item1ef65fca4b:g:NRgAAOSwPDhchD8v
220,1985 Winning/signed by Grant Teaff/Baylor University/Waco/1st edition/HBDJ,59.79,https://www.ebay.ca/itm/1985-Winning-signed-by-Grant-Teaff-Baylor-University-Waco-1st-edition-HBDJ/370680453325?hash=item564e46d8cd:g:o24AAMXQjwVQ~TM2
221,1847 The Psalmist: A New Collection of Hymns for the Use of the Baptist Churches,86.17,https://www.ebay.ca/itm/1847-The-Psalmist-A-New-Collection-of-Hymns-for-the-Use-of-the-Baptist-Churches/113920154908?hash=item1a862b9d1c:g:QvsAAOSwWL1dayZa
222," 1911 THE NEW INTERNATIONAL ENCYCLOPA/EDIA BOOK  VOL XVII REIFFERSCHEID, S",66.44,https://www.ebay.ca/itm/1911-THE-NEW-INTERNATIONAL-ENCYCLOPA-EDIA-BOOK-VOL-XVII-REIFFERSCHEID-S/264264530023?hash=item3d8764b867:g:9DkAAOSwXk5Zb8Ox
223,EUROPE IN THE NINETEENTH CENTURY by Harry Pratt Judson/1st Ed/HC/History/Illus,33.22,https://www.ebay.ca/itm/EUROPE-IN-THE-NINETEENTH-CENTURY-by-Harry-Pratt-Judson-1st-Ed-HC-History-Illus/181317262984?hash=item2a3759de88:g:HoMAAOxyOMdS8RwB
224,California. Songs and Stories by Edwin Markham. An Anthology. 1931 ed in DJ,46.50,https://www.ebay.ca/itm/California-Songs-and-Stories-by-Edwin-Markham-An-Anthology-1931-ed-in-DJ/123278461816?hash=item1cb3f80b78:g:SHwAAOSwvylbXSWc
225,HIRSCHFELD ON LINE A fine first in dj,66.44,https://www.ebay.ca/itm/HIRSCHFELD-ON-LINE-A-fine-first-in-dj/361464534629?hash=item5428f71665:g:tiMAAOSw5dNWkByI
226,Easton Press  Benjamin Franklin Poor Richard's Almanacks Collector's Edition,33.15,https://www.ebay.ca/itm/Easton-Press-Benjamin-Franklin-Poor-Richards-Almanacks-Collectors-Edition/123936403933?hash=item1cdb2f71dd:g:LHMAAOSwE-9doKn~
227,Denise Levertov The Sorrow Dance 1st wrappered w/ errata poetry New Directions,37.20,https://www.ebay.ca/itm/Denise-Levertov-The-Sorrow-Dance-1st-wrappered-w-errata-poetry-New-Directions/362605971732?hash=item546d000914:g:qTAAAOSw1z9cot0b
228,MARY  MARY by Ed McBain (signed) ,39.85,https://www.ebay.ca/itm/MARY-MARY-by-Ed-McBain-signed/263991871271?hash=item3d77244727:g:7I4AAOSw2opbu6v8
229,Cisty DAVIS / Savannah Style A Cookbook by The Junior League of Savannah 1st ed,21.92,https://www.ebay.ca/itm/Cisty-DAVIS-Savannah-Style-A-Cookbook-by-The-Junior-League-of-Savannah-1st-ed/173869455624?hash=item287b6d5908:g:U04AAOSwQKdchs3I
230,Anders Olsson / Managing Diversity The Anthologization of American 1st ed 2000,46.50,https://www.ebay.ca/itm/Anders-Olsson-Managing-Diversity-The-Anthologization-of-American-1st-ed-2000/273804349325?hash=item3fc002cf8d:g:nMwAAOSw8U9cOZIM
231,WANDERINGS IN ARABIA BY CHARLES M DOUGHTY 2 VOLUME SET DUCKWORTH & Co 1912,86.37,https://www.ebay.ca/itm/WANDERINGS-IN-ARABIA-BY-CHARLES-M-DOUGHTY-2-VOLUME-SET-DUCKWORTH-Co-1912/113920831996?hash=item1a8635f1fc:g:JgkAAOSwCR9cYx-n
232,Lon Tinkle / AN AMERICAN ORIGINAL The Life of J Frank Dobie 1978 First edition,39.86,https://www.ebay.ca/itm/Lon-Tinkle-AN-AMERICAN-ORIGINAL-The-Life-of-J-Frank-Dobie-1978-First-edition/202631122377?epid=4436169&hash=item2f2dc18dc9:g:SiIAAOSwhh9bwalf
233,Stephanie Wada / THE OXHERDER A ZEN PARABLE ILLUSTRATED First Edition 2002,52.31,https://www.ebay.ca/itm/Stephanie-Wada-THE-OXHERDER-A-ZEN-PARABLE-ILLUSTRATED-First-Edition-2002/333120207138?hash=item4d8f82f922:g:W-4AAOSwsDZcPXof
234,May Sarton / LION AND THE ROSE Poems Poetry First Edition,47.83,https://www.ebay.ca/itm/May-Sarton-LION-AND-THE-ROSE-Poems-Poetry-First-Edition/163658387245?hash=item261acccf2d:g:U-8AAOSwWo5bZO1x
235,Rare Book Old the King of Gand Henri Cauvain 1921,21.84,https://www.ebay.ca/itm/Rare-Book-Old-the-King-of-Gand-Henri-Cauvain-1921/323802963214?hash=item4b64291d0e:g:Sy0AAOSwVD9cqzWS
236,PEACE BREAKS OUT - John Knowles - 1st Printing - HC/DJ - VG/VG,79.72,https://www.ebay.ca/itm/PEACE-BREAKS-OUT-John-Knowles-1st-Printing-HC-DJ-VG-VG/190912709143?hash=item2c7348c217:g:gbcAAOxynRRSQm6J
237,1915 SKOOKUM CHUCK FABLES Hardcover Book by SKOOKUM CHUCK 1st Edition,43.14,https://www.ebay.ca/itm/1915-SKOOKUM-CHUCK-FABLES-Hardcover-Book-by-SKOOKUM-CHUCK-1st-Edition/112106777749?hash=item1a1a15ac95:g:1DwAAOSwawpXthMK
238,Oceana or England and Her Colonies by James Froude 1886,33.22,https://www.ebay.ca/itm/Oceana-or-England-and-Her-Colonies-by-James-Froude-1886/163128813088?hash=item25fb3c2620:g:R64AAOSwB5tbOPp6
239,Stephen King Book Collection Salems Lot Hardcover Carrie The Shinning Omnibus,46.44,https://www.ebay.ca/itm/Stephen-King-Book-Collection-Salems-Lot-Hardcover-Carrie-The-Shinning-Omnibus/123822508505?hash=item1cd46589d9:g:gfsAAOSwp-9dG-v1
